1,バリデーション,問題文(仮),選択肢１,選択肢２,選択肢３,選択肢４,1,解説,0,0
2,バリデーション,問題文(仮),選択肢１,選択肢２,選択肢３,選択肢４,1,解説,0,0
3,バリデーション,問題文(仮),選択肢１,選択肢２,選択肢３,選択肢４,1,解説,0,0
4,バリデーション,問題文(仮),選択肢１,選択肢２,選択肢３,選択肢４,1,解説,0,0
5,バリデーション,問題文(仮),選択肢１,選択肢２,選択肢３,選択肢４,1,解説,0,0
6,バリデーション,問題文(仮),選択肢１,選択肢２,選択肢３,選択肢４,1,解説,0,0
7,バリデーション,問題文(仮),選択肢１,選択肢２,選択肢３,選択肢４,1,解説,0,0
8,バリデーション,問題文(仮),選択肢１,選択肢２,選択肢３,選択肢４,1,解説,0,0
9,バリデーション,問題文(仮),選択肢１,選択肢２,選択肢３,選択肢４,1,解説,0,0
10,バリデーション,問題文(仮),選択肢１,選択肢２,選択肢３,選択肢４,1,解説,0,0
11,バリデーション,問題文(仮),選択肢１,選択肢２,選択肢３,選択肢４,1,解説,0,0
12,バリデーション,問題文(仮),選択肢１,選択肢２,選択肢３,選択肢４,1,解説,0,0
13,バリデーション,問題文(仮),選択肢１,選択肢２,選択肢３,選択肢４,1,解説,0,0
14,バリデーション,問題文(仮),選択肢１,選択肢２,選択肢３,選択肢４,1,解説,0,0
15,バリデーション,問題文(仮),選択肢１,選択肢２,選択肢３,選択肢４,1,解説,0,0
16,バリデーション,問題文(仮),選択肢１,選択肢２,選択肢３,選択肢４,1,解説,0,0
17,バリデーション,問題文(仮),選択肢１,選択肢２,選択肢３,選択肢４,1,解説,0,0
18,バリデーション,問題文(仮),選択肢１,選択肢２,選択肢３,選択肢４,1,解説,0,0
19,バリデーション,問題文(仮),選択肢１,選択肢２,選択肢３,選択肢４,1,解説,0,0
20,バリデーション,問題文(仮),選択肢１,選択肢２,選択肢３,選択肢４,1,解説,0,0
21,バリデーション,問題文(仮),選択肢１,選択肢２,選択肢３,選択肢４,1,解説,0,0
22,バリデーション,問題文(仮),選択肢１,選択肢２,選択肢３,選択肢４,1,解説,0,0
23,バリデーション,問題文(仮),選択肢１,選択肢２,選択肢３,選択肢４,1,解説,0,0
24,バリデーション,問題文(仮),選択肢１,選択肢２,選択肢３,選択肢４,1,解説,0,0
25,バリデーション,問題文(仮),選択肢１,選択肢２,選択肢３,選択肢４,1,解説,0,0
26,バリデーション,問題文(仮),選択肢１,選択肢２,選択肢３,選択肢４,1,解説,0,0
27,バリデーション,問題文(仮),選択肢１,選択肢２,選択肢３,選択肢４,1,解説,0,0
28,バリデーション,問題文(仮),選択肢１,選択肢２,選択肢３,選択肢４,1,解説,0,0
29,バリデーション,問題文(仮),選択肢１,選択肢２,選択肢３,選択肢４,1,解説,0,0
30,バリデーション,問題文(仮),選択肢１,選択肢２,選択肢３,選択肢４,1,解説,0,0
31,バリデーション,問題文(仮),選択肢１,選択肢２,選択肢３,選択肢４,1,解説,0,0
32,バリデーション,問題文(仮),選択肢１,選択肢２,選択肢３,選択肢４,1,解説,0,0
33,バリデーション,問題文(仮),選択肢１,選択肢２,選択肢３,選択肢４,1,解説,0,0
34,バリデーション,問題文(仮),選択肢１,選択肢２,選択肢３,選択肢４,1,解説,0,0
35,バリデーション,問題文(仮),選択肢１,選択肢２,選択肢３,選択肢４,1,解説,0,0
36,バリデーション,問題文(仮),選択肢１,選択肢２,選択肢３,選択肢４,1,解説,0,0
37,バリデーション,問題文(仮),選択肢１,選択肢２,選択肢３,選択肢４,1,解説,0,0
38,バリデーション,問題文(仮),選択肢１,選択肢２,選択肢３,選択肢４,1,解説,0,0
